{"animate"	:	false,
"env_name"	:	"Pendulum-v0",
"exp_name"	:	"pend_b_100_lr_3.5938136638046254e-07",
"gamma"	:	0.99,
"learning_rate"	:	3.5938136638046254e-07,
"logdir"	:	"data_pg/pend_b_100_lr_3.5938136638046254e-07_Pendulum-v0_16-04-2020_18-19-15/1",
"max_path_length"	:	1000.0,
"min_timesteps_per_batch"	:	100,
"n_iter"	:	400,
"n_layers"	:	2,
"normalize_advantages"	:	true,
"reward_to_go"	:	true,
"seed"	:	1,
"size"	:	64}