{"animate"	:	false,
"env_name"	:	"Pendulum-v0",
"exp_name"	:	"pend_b_100_lr_2.1544346900318865e-06",
"gamma"	:	0.99,
"learning_rate"	:	2.1544346900318865e-06,
"logdir"	:	"data_pg/pend_b_100_lr_2.1544346900318865e-06_Pendulum-v0_16-04-2020_18-20-43/11",
"max_path_length"	:	1000.0,
"min_timesteps_per_batch"	:	100,
"n_iter"	:	400,
"n_layers"	:	2,
"normalize_advantages"	:	true,
"reward_to_go"	:	true,
"seed"	:	11,
"size"	:	64}